year,structure_distance
2018,0.01963559994839179
2020,0.018286434452306762
